yibeltal yibeltalmarie1228@gmail.com yibe321
yohanns yohanns@gmail.com john123
temesgen temesgen@gmail.com tom321
abaynew abaynew12@gmail.com abay321
yared yare12228@gmail.com yared321
makida makida1228@gmail.com mayi321
betiAbere betiAbere@gmail.com beti321
yamrot yamrot1228@gmail.com yamrot321
hareg hareg1228@gmail.com hareg321
